,Var,bin,bin_range,bin_num,bin_good_num,bin_bad_num,bin_rate,good_bin_rate,bad_bin_rate,bin_rate_cum,good_bin_rate_cum,bad_bin_rate_cum,good_rate,bad_rate,woe,iv
0,open_acc,0,"[0.999, 8.0]",9559,7197,2362,0.30718555177067935,0.3078140370386211,0.3052862866744216,0.30718555177067935,0.3078140370386211,0.3052862866744216,0.7529030233288001,0.24709697667119992,-0.008245843588912715,2.084343413500622e-05
1,open_acc,1,"[8.0, 72.07199999999999]",21559,16184,5375,0.6928144482293207,0.6921859629613789,0.6947137133255784,1.0,1.0,1.0,0.7506841690245373,0.24931583097546267,0.0036451853098660937,9.214118494588682e-06
2,dti,0,"[-0.001, 8.59]",4109,3362,747,0.1320457612957131,0.14379196783713272,0.09654905001938736,0.1320457612957131,0.14379196783713272,0.09654905001938736,0.818203942565101,0.181796057434899,-0.39831641767415965,0.018817629785639056
3,dti,1,"[8.59, 16.34]",9670,7657,2013,0.3107526190629218,0.32748813138873445,0.26017836370686315,0.4427983803586349,0.47128009922586717,0.3567274137262505,0.7918304033092037,0.20816959669079627,-0.2300844043117479,0.0154869278014455
4,dti,2,"[16.34, 22.88]",8344,6240,2104,0.26814062600424193,0.2668833668363201,0.27194002843479387,0.7109390063628769,0.7381634660621872,0.6286674421610443,0.74784276126558,0.2521572387344199,0.01876982365571119,9.491264648995969e-05
5,dti,3,"[22.88, 27.52]",4440,3135,1305,0.14268269168969727,0.13408322997305505,0.16867002714230322,0.8536216980525742,0.8722466960352422,0.7973374693033475,0.706081081081081,0.2939189189189189,0.22948357785135665,0.007937101960818245
6,dti,4,"[27.52, 999.9989999999999]",4546,2981,1565,0.14608908027508194,0.1274966853427997,0.20227478350781958,0.9997107783276561,0.9997433813780419,0.9996122528111671,0.6557413110426749,0.34425868895732514,0.4615367204577662,0.03451283818915218
7,dti,-9999,[-9999],9,6,3,0.000289221672343981,0.0002566186219580001,0.00038774718883288094,1.0,0.9999999999999999,0.9999999999999999,0.6666666666666666,0.3333333333333333,0.41276253060163864,5.412495909744203e-05
8,open_act_il,0,"[-0.001, 7.0]",29180,21898,7282,0.9377209332219294,0.9365724306060477,0.9411916763603464,0.9377209332219294,0.9365724306060477,0.9411916763603464,0.7504455106237149,0.24955448937628513,0.0049199524635924596,2.2726469528801038e-05
9,open_act_il,1,"[7.0, 57.056999999999995]",1938,1483,455,0.06227906677807057,0.06342756939395236,0.05880832363965361,1.0,1.0,1.0,0.7652218782249742,0.2347781217750258,-0.07561521202539785,0.00034928524710871876
10,num_il_tl,0,"[-0.001, 1.0]",2323,1612,711,0.07465132720611864,0.06894486976604935,0.09189608375339278,0.07465132720611864,0.06894486976604935,0.09189608375339278,0.6939302625914765,0.30606973740852345,0.28735121789825124,0.006595059291506513
11,num_il_tl,1,"[1.0, 3.0]",4784,3481,1303,0.15373738672151166,0.14888157050596637,0.16841152901641462,0.2283887139276303,0.21782644027201573,0.2603076127698074,0.727633779264214,0.272366220735786,0.12325940047499015,0.0024072509772992833
12,num_il_tl,2,"[3.0, 15.0]",19449,14777,4672,0.6250080339353429,0.6320088961122279,0.60385162207574,0.8533967478629731,0.8498353363842436,0.8641592348455474,0.7597819939328501,0.24021800606715,-0.045574961233986966,0.0012832666726676854
13,num_il_tl,3,"[15.0, 88.088]",4562,3511,1051,0.1466032521370268,0.1501646636157564,0.13584076515445262,1.0,1.0,1.0,0.7696185883384481,0.23038141166155196,-0.10024909412989726,0.0014359578451543327
14,acc_open_past_24mths,0,"[-0.001, 3.0]",11041,8490,2551,0.3548107204833216,0.3631153500705701,0.3297143595708931,0.3548107204833216,0.3631153500705701,0.3297143595708931,0.768952087673218,0.23104791232678198,-0.09649385000199755,0.0032229901671939763
15,acc_open_past_24mths,1,"[3.0, 7.0]",13744,10306,3438,0.4416736294106305,0.4407852529831915,0.4443582784024816,0.796484349893952,0.8039006030537617,0.7740726379733747,0.7498544819557625,0.25014551804423746,0.008073368216208942,2.8846349855803404e-05
16,acc_open_past_24mths,2,"[7.0, 46.04599999999999]",6333,4585,1748,0.20351565010604794,0.1960993969462384,0.2259273620266253,1.0,1.0,1.0,0.7239854729196273,0.27601452708037266,0.14159188268649947,0.004223397732439145
17,max_bal_bc,0,"[-0.001, 9342.0]",26016,19494,6522,0.8360434475223344,0.8337539027415423,0.8429623885226832,0.8360434475223344,0.8337539027415423,0.8429623885226832,0.7493081180811808,0.2506918819188192,0.010984062613693155,0.00010114658439735558
18,max_bal_bc,1,"[9342.0, 301511.20999999996]",5102,3887,1215,0.16395655247766566,0.1662460972584577,0.1570376114773168,1.0,1.0,1.0,0.761858094864759,0.23814190513524108,-0.056983863915990224,0.000524735100624865
19,open_acc_6m,0,"[-0.001, 1.0]",22595,17178,5417,0.7261070762902501,0.7346991146657542,0.7001421739692387,0.7261070762902501,0.7346991146657542,0.7001421739692387,0.7602566939588404,0.23974330604115954,-0.04817762750668716,0.0016648714166474018
20,open_acc_6m,1,"[1.0, 14.014]",8523,6203,2320,0.27389292370975,0.26530088533424573,0.2998578260307613,1.0,1.0,1.0,0.7277953772145958,0.2722046227854042,0.12244385084882221,0.004231284892435744
21,total_rec_int,0,"[-0.001, 70.05]",1711,1522,189,0.05498425348672794,0.06509559043667935,0.0244280728964715,0.05498425348672794,0.06509559043667935,0.0244280728964715,0.8895382817066043,0.11046171829339567,-0.9801238122004048,0.03985920232423535
22,total_rec_int,1,"[70.05, 476.04]",7478,6192,1286,0.24031107397647664,0.2648304178606561,0.16621429494636164,0.2952953274632046,0.3299260082973354,0.19064236784283314,0.8280288847285371,0.17197111527146297,-0.4658117993104143,0.04593655365572447
23,total_rec_int,2,"[476.04, 595.02]",2066,1667,399,0.06639244167362941,0.07129720713399769,0.05157037611477317,0.361687769136834,0.4012232154313331,0.2422127439576063,0.8068731848983544,0.1931268151016457,-0.3239097546993466,0.006389712996432474
24,total_rec_int,3,"[595.02, 1531.88]",9942,7455,2487,0.3194935407159843,0.3188486377828151,0.32144241954245834,0.6811813098528183,0.7200718532141481,0.5636551635000646,0.7498491249245625,0.25015087507543754,0.008101927766149878,2.101463245778677e-05
25,total_rec_int,4,"[1531.88, 2261.28]",3883,2697,1186,0.12478308374574201,0.11535007057012103,0.15328938865193228,0.8059643935985603,0.8354219237842692,0.7169445521519969,0.6945660571722895,0.3054339428277105,0.2843559675795249,0.010788271502460804
26,total_rec_int,5,"[2261.28, 12707.86517]",6038,3848,2190,0.1940356064014397,0.16457807621573073,0.2830554478480031,1.0,0.9999999999999999,1.0,0.6372971182510765,0.3627028817489235,0.5422577221865333,0.06424526967196344
27,total_rev_hi_lim,0,"[-0.001, 27000.0]",15882,11609,4273,0.5103798444630118,0.49651426371840385,0.5522812459609668,0.5103798444630118,0.49651426371840385,0.5522812459609668,0.7309532804432691,0.2690467195567309,0.10644520846757315,0.005936128050417067
28,total_rev_hi_lim,1,"[27000.0, 41275.0]",6534,4865,1669,0.20997493412173018,0.20807493263761173,0.2157166860540261,0.720354778584742,0.7045891963560156,0.767997932014993,0.7445668809305173,0.2554331190694827,0.0360676402033137,0.00027562001274567693
29,total_rev_hi_lim,2,"[41275.0, 779778.9999999999]",8702,6907,1795,0.27964522141525805,0.2954108036439844,0.2320020679850071,1.0,1.0,1.0,0.7937255803263618,0.20627441967363824,-0.24162065700500965,0.015320860369779081
30,bc_util,0,"[-0.001, 7.5]",1710,1437,273,0.05495211774535638,0.06146015995894102,0.03528499418379217,0.05495211774535638,0.06146015995894102,0.03528499418379217,0.8403508771929824,0.15964912280701754,-0.5549313797324811,0.014525420858329767
31,bc_util,1,"[7.5, 22.7]",3431,2875,556,0.11025772864579986,0.12296308968820838,0.07186247899702727,0.16520984639115624,0.1844232496471494,0.10714747318081944,0.8379481200816089,0.16205187991839115,-0.5371299478192845,0.027447668354087677
32,bc_util,2,"[22.7, 49.4]",8242,6497,1745,0.26486278038434347,0.27787519781018777,0.22553961483779242,0.43007262677549973,0.46229844745733717,0.33268708801861185,0.7882795438000485,0.21172045619995147,-0.2086762650824195,0.010921193985590532
33,bc_util,3,"[49.4, 65.0]",5025,3731,1294,0.16148210039205604,0.15957401308754973,0.167248287449916,0.5915547271675557,0.6218724605448869,0.49993537546852784,0.7424875621890548,0.2575124378109453,0.04697161300127204,0.0003604730454146516
34,bc_util,4,"[65.0, 91.5]",8526,6052,2474,0.2739893309338646,0.2588426500149694,0.3197621817241825,0.8655440581014204,0.8807151105598563,0.8196975571927103,0.7098287590898429,0.29017124091015717,0.21135718920577065,0.012875780989791098
35,bc_util,5,"[91.5, 184.5844]",3821,2521,1300,0.1227906677807057,0.10782259099268637,0.16802378182758174,0.9883347258821261,0.9885377015525427,0.987721339020292,0.6597749280293117,0.3402250719706883,0.4436183274232922,0.02670635158706671
36,bc_util,-9999,[-9999],363,268,95,0.0116652741178739,0.011462298447457338,0.012278660979707897,1.0,1.0,0.9999999999999999,0.7382920110192838,0.26170798898071623,0.06879962225126802,5.6165433838927065e-05
37,tot_cur_bal,0,"[-0.001, 30371.0]",7459,5336,2123,0.23970049489041712,0.22821949446131473,0.27439576063073545,0.23970049489041712,0.22821949446131473,0.27439576063073545,0.7153773964338384,0.2846226035661617,0.18426358526938058,0.00850860435873067
38,tot_cur_bal,1,"[30371.0, 149019.0]",11460,8279,3181,0.3682755961180024,0.3540909285317138,0.41114126922579813,0.6079760910084195,0.5823104229930285,0.6855370298565335,0.7224258289703316,0.2775741710296684,0.14938313577192222,0.008522358789738818
39,tot_cur_bal,2,"[149019.0, 257707.0]",5538,4393,1145,0.17796773571566296,0.1878876010435824,0.14799017707121623,0.7859438267240825,0.7701980240366109,0.8335272069277497,0.7932466594438425,0.20675334055615746,-0.23869801682585562,0.009523435978664157
40,tot_cur_bal,3,"[257707.0, 403595.0]",4253,3423,830,0.13667330805321679,0.14640092382703904,0.10727672224376374,0.9226171347772992,0.9165989478636499,0.9408039291715135,0.8048436397836821,0.19515636021631788,-0.3109372265779577,0.012165170732380564
41,tot_cur_bal,4,"[403595.0, 2804765.9639999997]",2408,1950,458,0.07738286522270069,0.08340105213635003,0.05919607082848649,0.9999999999999999,1.0,1.0,0.8098006644518272,0.19019933554817275,-0.3428057562820236,0.008297606923034405
42,mo_sin_old_rev_tl_op,0,"[9.99, 65.0]",2975,1996,979,0.09560383058037149,0.08536846157136137,0.12653483262246348,0.09560383058037149,0.08536846157136137,0.12653483262246348,0.6709243697478992,0.32907563025210085,0.39354089682068494,0.01620065058230381
43,mo_sin_old_rev_tl_op,1,"[65.0, 143.0]",9437,7033,2404,0.30326499132334983,0.30079979470510243,0.31071474731808196,0.3988688219037213,0.3861682562764638,0.4372495799405455,0.7452580269153333,0.25474197308466673,0.03243037050866395,0.000321545586814772
44,mo_sin_old_rev_tl_op,2,"[143.0, 781.781]",18706,14352,4354,0.6011311780962787,0.6138317437235362,0.5627504200594545,1.0,1.0,1.0,0.7672404576071848,0.23275954239281513,-0.08688463134250073,0.004438181975040696
45,pub_rec_bankruptcies,0,"[-0.001, 5.004999999999999]",31118,23381,7737,1.0,1.0,1.0,1.0,1.0,1.0,0.751365769008291,0.24863423099170898,0.0,0.0
46,last_pymnt_amnt,0,"[-0.001, 169.53]",2018,948,1070,0.06484992608779484,0.04054574226936401,0.1382964973503942,0.06484992608779484,0.04054574226936401,0.1382964973503942,0.4697720515361744,0.5302279484638256,1.226969136362514,0.11993715954055523
47,last_pymnt_amnt,1,"[169.53, 19514.89]",25249,18583,6666,0.8113953338903529,0.7947906419742526,0.8615742535866615,0.8762452599781477,0.8353363842436167,0.9998707509370557,0.735989544140362,0.264010455859638,0.08068250675561821,0.005388269195082761
48,last_pymnt_amnt,2,"[19514.89, 41494.523069999996]",3851,3850,1,0.1237547400218523,0.16466361575638339,0.00012924906294429367,1.0,1.0,1.0,0.9997403271877434,0.00025967281225655674,-7.149918716120246,1.1764073478664119
49,mths_since_rcnt_il,0,"[-0.001, 5.0]",5876,4297,1579,0.18882961629924802,0.1837817030922544,0.20408427038903967,0.18882961629924802,0.1837817030922544,0.20408427038903967,0.7312797821647379,0.26872021783526207,0.10478434164223094,0.002127391147840734
50,mths_since_rcnt_il,1,"[5.0, 21.0]",17438,13217,4221,0.5603830580371489,0.5652880544031479,0.5455602946878635,0.7492126743363969,0.7490697574954023,0.7496445650769031,0.757942424589976,0.2420575754100241,-0.03552210181372411,0.0007007714891630174
51,mths_since_rcnt_il,2,"[21.0, 397.39699999999993]",7088,5388,1700,0.2277781348415708,0.23044352251828407,0.21972340700529921,0.9769908091779678,0.9795132800136863,0.9693679720822024,0.760158013544018,0.23984198645598195,-0.04763629632436312,0.0005106665992079483
52,mths_since_rcnt_il,-9999,[-9999],716,479,237,0.023009190822032264,0.020486719986313674,0.030632027917797598,1.0,1.0,1.0,0.6689944134078212,0.33100558659217877,0.4022692548857999,0.004081145462185034
53,mo_sin_rcnt_tl,0,"[-0.001, 1.0]",3206,2308,898,0.10302718683720033,0.09871262991317736,0.1160656585239757,0.10302718683720033,0.09871262991317736,0.1160656585239757,0.7199001871490954,0.2800998128509046,0.1619431518357934,0.0028102041471293813
54,mo_sin_rcnt_tl,1,"[1.0, 4.0]",10262,7613,2649,0.3297769779548814,0.32560626149437577,0.3423807677394339,0.4328041647920817,0.42431889140755313,0.4584464262634096,0.7418631845644124,0.2581368154355876,0.05023460912744105,0.0008426607645263129
55,mo_sin_rcnt_tl,2,"[4.0, 9.0]",10128,7693,2435,0.32547078861109324,0.32902784312048244,0.31472146826935504,0.758274953403175,0.7533467345280356,0.7731678945327647,0.7595774091627172,0.2404225908372828,-0.04445435678066052,0.0006359806918698865
56,mo_sin_rcnt_tl,3,"[9.0, 145.14499999999998]",7522,5767,1755,0.24172504659682498,0.24665326547196442,0.22683210546723537,1.0,1.0,1.0,0.7666843924488168,0.2333156075511832,-0.0837734465538625,0.0016604868882917265
57,all_util,0,"[-0.001, 30.0]",3210,2667,543,0.10315572980268654,0.11406697746033104,0.07018224117875145,0.10315572980268654,0.11406697746033104,0.07018224117875145,0.8308411214953271,0.1691588785046729,-0.485690493086495,0.021314399203571185
58,all_util,1,"[30.0, 42.0]",3986,3270,716,0.12809306510701202,0.13985714896711005,0.09254232906811426,0.23124879490969857,0.2539241264274411,0.1627245702468657,0.8203712995484195,0.17962870045158053,-0.41295538576906954,0.019538909703983854
59,all_util,2,"[42.0, 50.0]",3619,2802,817,0.11629924802365191,0.11984089645438604,0.10559648442548791,0.3475480429333505,0.37376502288182717,0.2683210546723536,0.7742470295661785,0.2257529704338215,-0.12653992087536553,0.0018024867710528746
60,all_util,3,"[50.0, 61.0]",6212,4648,1564,0.19962722540008998,0.1987938924767974,0.20214553444487526,0.5471752683334405,0.5725589153586246,0.4704665891172289,0.7482292337411461,0.2517707662588538,0.0167193337350931,5.603722062483794e-05
61,all_util,4,"[61.0, 64.0]",1857,1382,475,0.05967607172697474,0.05910782259099269,0.06139330489853949,0.6068513400604153,0.6316667379496173,0.5318598940157684,0.7442110931610124,0.25578890683898764,0.03793751086860995,8.670550988257243e-05
62,all_util,5,"[64.0, 82.0]",8885,6315,2570,0.2855260620862523,0.2700910996107951,0.3321700917668347,0.8923774021466676,0.9017578375604123,0.864029985782603,0.7107484524479459,0.289251547552054,0.20688785426625814,0.012843389482174908
63,all_util,6,"[82.0, 168.16799999999998]",3349,2297,1052,0.10762259785333247,0.0982421624395877,0.13597001421739693,1.0,1.0,1.0,0.6858763810092565,0.3141236189907435,0.32499890177014096,0.012261510393934662
64,num_op_rev_tl,0,"[-0.001, 7.0]",15891,12091,3800,0.5106690661353558,0.5171292930156965,0.4911464391883159,0.5106690661353558,0.5171292930156965,0.4911464391883159,0.7608709332326474,0.2391290667673526,-0.05155059629818569,0.001339431608330068
65,num_op_rev_tl,1,"[7.0, 12.0]",10157,7557,2600,0.3264027251108683,0.3232111543561011,0.3360475636551635,0.8370717912462241,0.8403404473717977,0.8271940028434794,0.7440189032194545,0.2559810967805454,0.038946870150437435,0.00049993796616845
66,num_op_rev_tl,2,"[12.0, 67.067]",5070,3733,1337,0.16292820875377595,0.1596595526282024,0.17280599715652062,1.0,1.0,1.0,0.7362919132149901,0.26370808678500984,0.07912580934894327,0.0010402230633641666
67,inq_fi,0,"[-0.001, 3.0]",28802,21742,7060,0.9255736229834822,0.9299003464351396,0.9124983843867132,0.9255736229834822,0.9299003464351396,0.9124983843867132,0.754878133462954,0.24512186653704604,-0.01889111111507398,0.00032874239867712504
68,inq_fi,1,"[3.0, 25.025]",2316,1639,677,0.07442637701651778,0.07009965356486035,0.0875016156132868,1.0,1.0,1.0,0.707685664939551,0.29231433506044907,0.22173940533002928,0.003858700716193819
69,funded_amnt_inv,0,"[999.0, 8150.0]",9552,7726,1826,0.30696060158107846,0.3304392455412514,0.23600878893628022,0.30696060158107846,0.3304392455412514,0.23600878893628022,0.8088358458961474,0.1911641541038526,-0.3365537709097288,0.03178092625913057
70,funded_amnt_inv,1,"[8150.0, 16150.0]",11222,8321,2901,0.3606272896715727,0.3558872588854198,0.3749515316013959,0.6675878912526512,0.6863265044266712,0.6109603205376761,0.7414899304936732,0.2585100695063269,0.05218277638255801,0.000994826680033883
71,funded_amnt_inv,2,"[16150.0, 19750.0]",1762,1285,477,0.056623176296677166,0.054959154869338354,0.061651803024428076,0.7242110675493283,0.7412856592960095,0.6726121235621042,0.7292849035187288,0.2707150964812713,0.11491220472060507,0.0007690669549206498
72,funded_amnt_inv,3,"[19750.0, 29100.0]",5174,3684,1490,0.16627032585641752,0.15756383388221204,0.19258110378699755,0.8904813934057458,0.8988494931782216,0.8651932273491018,0.7120216466950136,0.28797835330498645,0.20068671272589148,0.007027500785826695
73,funded_amnt_inv,4,"[29100.0, 40039.99999999999]",3408,2365,1043,0.10951860659425412,0.10115050682177837,0.13480677265089827,1.0,1.0,1.0,0.6939553990610329,0.3060446009389671,0.28723286523632297,0.009667185667253459
74,tot_hi_cred_lim,0,"[2497.5, 51100.0]",6961,4819,2142,0.22369689568738352,0.2061075232026004,0.276851492826677,0.22369689568738352,0.2061075232026004,0.276851492826677,0.6922855911506968,0.30771440884930323,0.29508324552894516,0.02087536015827363
75,tot_hi_cred_lim,1,"[51100.0, 130400.0]",8798,6344,2454,0.2827302525869272,0.27133142295025875,0.3171772004652966,0.5064271482743107,0.47743894615285914,0.5940286932919736,0.7210729711298022,0.27892702887019777,0.15611957311775682,0.007157423214899367
76,tot_hi_cred_lim,2,"[130400.0, 304495.0]",8621,6749,1872,0.2770422263641622,0.2886531799324238,0.2419542458317177,0.7834693746384729,0.7660921260852829,0.8359829391236913,0.7828558171905812,0.21714418280941886,-0.17647725654428528,0.00824129977363498
77,tot_hi_cred_lim,3,"[304495.0, 501057.0]",4824,3896,928,0.1550228163763738,0.16663102519139472,0.1199431304123045,0.9384921910148467,0.9327231512766776,0.9559260695359958,0.8076285240464345,0.19237147595356552,-0.32876422081464124,0.015349309348523552
78,tot_hi_cred_lim,4,"[501057.0, 3104949.8479999998]",1914,1573,341,0.06150780898515329,0.06727684872332236,0.04407393046400414,1.0,1.0,0.9999999999999999,0.8218390804597702,0.1781609195402299,-0.42294771461317715,0.009813621250135001
79,funded_amnt,0,"[999.0, 3325.0]",1996,1661,335,0.06414293977762067,0.07104058851203969,0.04329843608633838,0.06414293977762067,0.07104058851203969,0.04329843608633838,0.8321643286573146,0.16783567134268537,-0.49513486662664435,0.013736106941235659
80,funded_amnt,1,"[3325.0, 7025.0]",5646,4550,1096,0.18143839578379073,0.19460245498481674,0.14165697298694585,0.2455813355614114,0.2656430434968564,0.18495540907328423,0.8058802692171448,0.19411973078285513,-0.31755033327545124,0.016812855453853304
81,funded_amnt,2,"[7025.0, 9300.0]",2838,2236,602,0.09120123401246867,0.09563320644968136,0.07780793589246478,0.3367825695738801,0.3612762499465378,0.262763344965749,0.7878787878787878,0.21212121212121213,-0.20627667780458475,0.003676937591510516
82,funded_amnt,3,"[9300.0, 16000.0]",10272,7586,2686,0.33009833536859695,0.32445147769556476,0.34716298306837273,0.6668809049424771,0.6857277276421025,0.6099263280341217,0.73851246105919,0.26148753894080995,0.06765836599592265,0.0015366233428318055
83,funded_amnt,4,"[16000.0, 21250.0]",3825,2739,1086,0.12291921074619191,0.11714640092382704,0.1403644823575029,0.789800115688669,0.8028741285659295,0.7502908103916246,0.716078431372549,0.283921568627451,0.18081804239238658,0.004198248032944285
84,funded_amnt,5,"[21250.0, 40039.99999999999]",6541,4609,1932,0.21019988431133108,0.1971258714340704,0.24970918960837535,1.0,1.0,1.0,0.7046323192172451,0.29536768078275494,0.23645453321353913,0.012433563953724285
85,open_il_24m,0,"[-0.001, 3.0]",27224,20495,6729,0.8748634230991709,0.876566442838202,0.869716944552152,0.8748634230991709,0.876566442838202,0.869716944552152,0.7528283867176021,0.2471716132823979,-0.007844698588535929,5.373224953675547e-05
86,open_il_24m,1,"[3.0, 22.022]",3894,2886,1008,0.1251365769008291,0.12343355716179805,0.130283055447848,1.0,1.0,1.0,0.7411402157164869,0.2588597842835131,0.054006420459081564,0.00036991688437017174
87,open_il_12m,0,"[-0.001, 1.0]",25880,19483,6397,0.831672986695803,0.8332834352679526,0.8268062556546465,0.831672986695803,0.8332834352679526,0.8268062556546465,0.7528207109737249,0.24717928902627512,-0.007803448834165611,5.0544339702134534e-05
88,open_il_12m,1,"[1.0, 11.011]",5238,3898,1340,0.16832701330419692,0.16671656473204738,0.1731937443453535,1.0,1.0,1.0,0.7441771668575792,0.25582283314242077,0.03811572403903508,0.0002468823906920403
89,open_rv_12m,0,"[-0.001, 1.0]",19256,14708,4548,0.6188058358506331,0.6290577819597108,0.5878247382706475,0.6188058358506331,0.6290577819597108,0.5878247382706475,0.7638138761944329,0.23618612380556708,-0.06779427638915195,0.002795364360222337
90,open_rv_12m,1,"[1.0, 2.0]",5888,4364,1524,0.18921524519570668,0.18664727770411874,0.19697557192710352,0.8080210810463397,0.8157050596638296,0.784800310197751,0.7411684782608695,0.25883152173913043,0.053859100455214144,0.0005562726360867455
91,open_rv_12m,2,"[2.0, 3.0]",3034,2207,827,0.09749983932129314,0.09439288311021769,0.10688897505493085,0.9055209203676329,0.9100979427740472,0.8916892852526819,0.7274225444957152,0.27257745550428475,0.12432499992853892,0.001553576630133479
92,open_rv_12m,3,"[3.0, 28.028]",2940,2102,838,0.09447907963236712,0.0899020572259527,0.10831071474731808,1.0,0.9999999999999999,1.0,0.7149659863945578,0.28503401360544217,0.18628326020677072,0.003429224739109836
93,mo_sin_old_il_acct,0,"[0.999, 50.0]",3250,2231,1019,0.10444115945754869,0.0954193575980497,0.13170479514023523,0.10444115945754869,0.0954193575980497,0.13170479514023523,0.6864615384615385,0.31353846153846154,0.3222815499517762,0.011694127051773919
94,mo_sin_old_il_acct,1,"[50.0, 155.0]",20250,15396,4854,0.6507487627739572,0.6584833839442282,0.6273749515316014,0.7551899222315059,0.7539027415422779,0.7590797466718366,0.7602962962962962,0.2397037037037037,-0.048394916955506115,0.0015054900032250506
95,mo_sin_old_il_acct,2,"[155.0, 665.665]",6902,5275,1627,0.22180088694646186,0.2256105384714084,0.21028822541036576,0.9769908091779678,0.9795132800136863,0.9693679720822024,0.7642712257316719,0.23572877426832803,-0.07033113996364548,0.0010776357444629836
96,mo_sin_old_il_acct,-9999,[-9999],716,479,237,0.023009190822032264,0.020486719986313674,0.030632027917797598,1.0,1.0,1.0,0.6689944134078212,0.33100558659217877,0.4022692548857999,0.004081145462185034
97,avg_cur_bal,0,"[-0.001, 2700.0]",6130,4402,1728,0.1969920946076226,0.1882725289765194,0.22334238076773943,0.1969920946076226,0.1882725289765194,0.22334238076773943,0.7181076672104405,0.28189233278955955,0.17081539843917806,0.005990470706920175
98,avg_cur_bal,1,"[2700.0, 18097.0]",16116,11815,4301,0.5178996079439553,0.5053248364056285,0.555900219723407,0.7148917025515779,0.6935973653821479,0.7792426004911464,0.7331223628691983,0.2668776371308017,0.0953873543243119,0.004824252008620826
99,avg_cur_bal,2,"[18097.0, 35058.0]",5807,4631,1176,0.18661225014461083,0.19806680638124974,0.15199689802248934,0.9015039526961887,0.8916641717633976,0.9312394985136356,0.7974857930084381,0.20251420699156192,-0.2647442668605958,0.012196744112774858
100,avg_cur_bal,3,"[35058.0, 249829.57999999996]",3065,2533,532,0.0984960473038113,0.10833582823660237,0.06876050148636423,1.0,1.0,0.9999999999999999,0.8264274061990212,0.17357259380097878,-0.4546064494984468,0.01799119878166667
101,tot_coll_amt,0,"[-0.001, 54.0]",25993,19585,6408,0.8353043254707886,0.8376459518412386,0.8282279953470337,0.8353043254707886,0.8376459518412386,0.8282279953470337,0.7534720886392491,0.24652791136075097,-0.011307046190152518,0.0001064892690968211
102,tot_coll_amt,1,"[54.0, 869.0]",3428,2569,859,0.1101613214216852,0.10987553996835037,0.11102494506914824,0.9454656468924738,0.9475214918095889,0.939252940416182,0.7494165694282381,0.25058343057176197,0.010406636035955643,1.1961440541874406e-05
103,tot_coll_amt,2,"[869.0, 933393.4609999999]",1697,1227,470,0.05453435310752619,0.05247850819041102,0.060747059583818014,1.0,0.9999999999999999,1.0,0.7230406599882145,0.2769593400117855,0.14631496115477663,0.0012098127759326185
104,mths_since_last_delinq,0,"[-0.001, 26.0]",6910,5003,1907,0.22205797287743428,0.21397716094264574,0.246477963034768,0.22205797287743428,0.21397716094264574,0.246477963034768,0.7240231548480464,0.2759768451519537,0.14140330527379788,0.004595720839875651
105,mths_since_last_delinq,1,"[26.0, 50.0]",5296,3952,1344,0.17019088630374704,0.1690261323296694,0.17371074059713068,0.39224885918118135,0.38300329327231514,0.42018870363189864,0.7462235649546828,0.2537764350453172,0.027338173376920384,0.00012806863301881115
106,mths_since_last_delinq,2,"[50.0, 70.0]",2657,2047,610,0.0853846648242175,0.08754971985800436,0.07884192839601913,0.4776335240053988,0.4705530131303195,0.49903063202791775,0.7704177643959352,0.22958223560406474,-0.1047619173323486,0.0009122449292878281
107,mths_since_last_delinq,3,"[70.0, 125.12499999999999]",1323,1053,270,0.0425155858345652,0.04503656815362902,0.03489724699495929,0.520149109839964,0.5155895812839485,0.5339278790228771,0.7959183673469388,0.20408163265306123,-0.25506684197401674,0.0025862046277022165
108,mths_since_last_delinq,-9999,[-9999],14932,11326,3606,0.479850890160036,0.4844104187160515,0.4660721209771229,1.0,1.0,1.0,0.7585052236806857,0.24149477631931424,-0.03859213174890378,0.0007077140023913564
109,pub_rec,0,"[-0.001, 28.028]",31118,23381,7737,1.0,1.0,1.0,1.0,1.0,1.0,0.751365769008291,0.24863423099170898,0.0,0.0
110,delinq_2yrs,0,"[-0.001, 21.020999999999997]",31118,23381,7737,1.0,1.0,1.0,1.0,1.0,1.0,0.751365769008291,0.24863423099170898,0.0,0.0
111,mths_since_recent_inq,0,"[-0.001, 1.0]",5838,4073,1765,0.18760845812712898,0.17420127453915574,0.2281245960966783,0.18760845812712898,0.17420127453915574,0.2281245960966783,0.697670435080507,0.302329564919493,0.2696805728805684,0.014542072249255786
112,mths_since_recent_inq,1,"[1.0, 3.0]",5128,3789,1339,0.16479208175332605,0.16205465976647707,0.1730644952824092,0.35240053988045505,0.33625593430563283,0.4011890913790875,0.7388845553822153,0.2611154446177847,0.06573064583415562,0.0007236835989900426
113,mths_since_recent_inq,2,"[3.0, 4.0]",2217,1693,524,0.07124493862073399,0.07240922116248236,0.06772650898280988,0.42364547850118905,0.4086651554681152,0.4689156003618974,0.7636445647271087,0.2363554352728913,-0.06685598665050912,0.0003130673429723596
114,mths_since_recent_inq,3,"[4.0, 24.023999999999997]",15139,11614,3525,0.48650298862394753,0.4967281125700355,0.4556029468786351,0.9101484671251365,0.9053932680381507,0.9245185472405325,0.7671576722372679,0.232842327762732,-0.08642111952404229,0.003554082859662557
115,mths_since_recent_inq,-9999,[-9999],2796,2212,584,0.08985153287486343,0.09460673196184936,0.0754814527594675,1.0,1.0,1.0,0.7911301859799714,0.2088698140200286,-0.2258416686524143,0.004319284968509237
116,il_util,0,"[-0.001, 34.0]",1820,1371,449,0.058487049296227264,0.05863735511740302,0.05803282926198785,0.058487049296227264,0.05863735511740302,0.05803282926198785,0.7532967032967033,0.24670329670329672,-0.010363080658476107,6.26475019980168e-06
117,il_util,1,"[34.0, 376.376]",25161,18882,6279,0.8085673886496562,0.8075788033018263,0.8115548662272198,0.8670544379458834,0.8662161584192293,0.8695876954892077,0.7504471205436986,0.24955287945630142,0.0049113559832315344,1.952786043833665e-05
118,il_util,-9999,[-9999],4137,3128,1009,0.1329455620541166,0.13378384158077072,0.1304123045107923,1.0,1.0,1.0,0.7561034566110708,0.2438965433889292,-0.02552437015000879,8.605636014860528e-05
119,mths_since_recent_revol_delinq,0,"[-0.001, 4.0]",572,413,159,0.01838164406452857,0.017663915144775673,0.02055060100814269,0.01838164406452857,0.017663915144775673,0.02055060100814269,0.722027972027972,0.27797202797202797,0.1513663204207826,0.0004369470173485553
120,mths_since_recent_revol_delinq,1,"[4.0, 42.0]",6619,4823,1796,0.21270647213831223,0.20627860228390574,0.2321313170479514,0.2310881162028408,0.2239425174286814,0.2526819180560941,0.7286599184166792,0.27134008158332074,0.11807553995475699,0.003052573255061009
121,mths_since_recent_revol_delinq,2,"[42.0, 50.0]",1098,824,274,0.035285044025965676,0.03524229074889868,0.03541424324673646,0.26637316022880647,0.2591848081775801,0.28809616130283056,0.7504553734061931,0.2495446265938069,0.004867287640182507,8.369422674243405e-07
122,mths_since_recent_revol_delinq,3,"[50.0, 71.0]",1663,1298,365,0.05344173790089338,0.05551516188358069,0.04717590797466718,0.3198148981296999,0.3146999700611608,0.33527206927749775,0.7805171377029465,0.21948286229705352,-0.16277283251995983,0.0013574039798569984
123,mths_since_recent_revol_delinq,4,"[71.0, 155.15499999999997]",915,722,193,0.0294042033549714,0.030879774175612676,0.024945069148248674,0.3492191014846713,0.34557974423677346,0.36021713842574643,0.7890710382513662,0.21092896174863388,-0.2134252388263567,0.0012666158378291418
124,mths_since_recent_revol_delinq,-9999,[-9999],20251,15301,4950,0.6507808985153287,0.6544202557632266,0.6397828615742536,1.0,1.0,1.0,0.7555676262900598,0.24443237370994025,-0.02262089799749361,0.0003311110008978646
125,num_tl_op_past_12m,0,"[-0.001, 2.0]",18940,14422,4518,0.6086509415772222,0.6168256276463795,0.5839472663823188,0.6086509415772222,0.6168256276463795,0.5839472663823188,0.7614572333685322,0.23854276663146778,-0.05477568928717217,0.0018009349008715884
126,num_tl_op_past_12m,1,"[2.0, 28.028]",12178,8959,3219,0.39134905842277784,0.38317437235362045,0.41605273361768125,1.0,1.0,1.0,0.7356708819182132,0.26432911808178683,0.08232184986281363,0.0027066075197153604
127,num_sats,0,"[0.999, 5.0]",2806,2085,721,0.09017289028857896,0.08917497113040503,0.09318857438283572,0.09017289028857896,0.08917497113040503,0.09318857438283572,0.7430506058446187,0.2569493941553813,0.044024714213631216,0.00017669773615516197
128,num_sats,1,"[5.0, 22.0]",26748,20103,6645,0.8595668102063114,0.8598006928702793,0.8588600232648314,0.9497397004948904,0.9489756640006843,0.952048597647667,0.7515702108568865,0.2484297891431135,-0.0010946543323507316,1.029708058914218e-06
129,num_sats,2,"[22.0, 72.07199999999999]",1564,1193,371,0.05026029950510958,0.05102433599931568,0.047951402352332945,1.0,1.0,1.0,0.7627877237851662,0.23721227621483376,-0.06211464832889703,0.00019087419282036778
130,mths_since_recent_bc_dlq,0,"[-0.001, 7.0]",586,428,158,0.01883154444373032,0.018305461699670674,0.020421351945198396,0.01883154444373032,0.018305461699670674,0.020421351945198396,0.7303754266211604,0.2696245733788396,0.10938154860675395,0.00023143935173774706
131,mths_since_recent_bc_dlq,1,"[7.0, 70.0]",6098,4494,1604,0.19596375088373288,0.19220734784654206,0.20731549696264703,0.2147952953274632,0.21051280954621274,0.22773684890784543,0.7369629386684159,0.2630370613315841,0.07566704684276929,0.0011431890268758585
132,mths_since_recent_bc_dlq,2,"[70.0, 76.0]",447,353,94,0.014364676393084388,0.015097728925195671,0.012149411916763603,0.22915997172054758,0.2256105384714084,0.23988626082460904,0.7897091722595079,0.21029082774049218,-0.21726356350170897,0.0006405618595846492
133,mths_since_recent_bc_dlq,3,"[76.0, 155.15499999999997]",404,321,83,0.012982839514107591,0.013729096274753005,0.010727672224376374,0.24214281123465517,0.2393396347461614,0.25061393304898544,0.7945544554455446,0.20544554455445543,-0.24669080417183395,0.0007404237126480941
134,mths_since_recent_bc_dlq,-9999,[-9999],23583,17785,5798,0.7578571887653448,0.7606603652538386,0.7493860669510146,1.0,1.0,1.0,0.7541449349107407,0.24585506508925922,-0.014932663739370801,0.00016835530545342977
135,num_rev_accts,0,"[1.998, 4.0]",1786,1268,518,0.057394434089594444,0.054232068773790686,0.06695101460514412,0.057394434089594444,0.054232068773790686,0.06695101460514412,0.70996640537514,0.29003359462486,0.21068881842389578,0.0026797396688053895
136,num_rev_accts,1,"[4.0, 9.0]",8282,6149,2133,0.2661482100392056,0.26299131773662376,0.2756882512601784,0.3235426441288,0.31722338651041443,0.3426392658653225,0.7424535136440473,0.2575464863559527,0.04714968367946489,0.0005986563993347935
137,num_rev_accts,2,"[9.0, 21.0]",16034,12118,3916,0.5152644771514879,0.5182840768145075,0.5061393304898539,0.8388071212802879,0.835507463324922,0.8487785963551764,0.7557689908943495,0.2442310091056505,-0.02371151469294936,0.0002879703309191658
138,num_rev_accts,3,"[21.0, 128.128]",5016,3846,1170,0.16119287871971205,0.16449253667507804,0.1512214036448236,1.0,1.0,1.0,0.7667464114832536,0.2332535885167464,-0.08412018719533917,0.0011163701947992538
139,mths_since_recent_bc,0,"[-0.001, 8.0]",12010,8854,3156,0.3859502538723568,0.3786835464693555,0.4079100426521908,0.3859502538723568,0.3786835464693555,0.4079100426521908,0.7372189841798501,0.2627810158201499,0.07434577983526251,0.002172866650565213
140,mths_since_recent_bc,1,"[8.0, 34.0]",13553,10177,3376,0.43553570280866377,0.43526795261109447,0.4363448364999354,0.8214859566810206,0.81395149908045,0.8442548791521262,0.7509038589242234,0.24909614107577657,0.0024710156855001814,2.6609969807883425e-06
141,mths_since_recent_bc,2,"[34.0, 488.48799999999994]",5225,4102,1123,0.16790924866636672,0.1754415978786194,0.14514669768644178,0.9893952053473873,0.9893930969590694,0.989401576838568,0.7850717703349283,0.21492822966507177,-0.18956127273229875,0.005742739837727152
142,mths_since_recent_bc,-9999,[-9999],330,248,82,0.010604794652612637,0.01060690304093067,0.01059842316143208,1.0,1.0,1.0,0.7515151515151515,0.24848484848484848,-0.000799787739144976,6.782103652398339e-09
143,num_accts_ever_120_pd,0,"[-0.001, 1.0]",27603,20739,6864,0.8870428690789897,0.8870022667978273,0.8871655680496316,0.8870428690789897,0.8870022667978273,0.8871655680496316,0.7513313770242365,0.2486686229757635,0.00018408771600741055,3.0061754465805397e-08
144,num_accts_ever_120_pd,1,"[1.0, 32.032]",3515,2642,873,0.11295713092101035,0.1129977332021727,0.11283443195036837,1.0,1.0,1.0,0.7516358463726884,0.2483641536273115,-0.0014462180810843545,2.3616922302313397e-07
145,total_bal_ex_mort,0,"[-0.001, 12548.0]",3631,2814,817,0.11668487692011055,0.12035413369830204,0.10559648442548791,0.11668487692011055,0.12035413369830204,0.10559648442548791,0.7749931148443955,0.22500688515560452,-0.13081343165274753,0.0019304987445044905
146,total_bal_ex_mort,1,"[12548.0, 25532.0]",5883,4416,1467,0.18905456648884889,0.18887130576108807,0.1896083753392788,0.3057394434089594,0.30922543945939013,0.29520485976476674,0.7506374298827129,0.2493625701172871,0.0038949013476345163,2.8708132933954568e-06
147,total_bal_ex_mort,2,"[25532.0, 797171.3749999999]",21604,16151,5453,0.6942605565910406,0.6907745605406099,0.7047951402352333,1.0,1.0,1.0,0.7475930383262359,0.25240696167376414,0.020093659849132386,0.0002817247592714137
148,total_bal_il,0,"[-0.001, 15761.0]",11094,8317,2777,0.3565139147760139,0.35571617980411446,0.35892464779630345,0.3565139147760139,0.35571617980411446,0.35892464779630345,0.7496845141517937,0.25031548584820623,0.008979306599695973,2.8809817817175886e-05
149,total_bal_il,1,"[15761.0, 98937.0]",17882,13422,4460,0.5746513272061187,0.5740558573200462,0.5764508207315497,0.9311652419821326,0.9297720371241607,0.9353754685278532,0.7505871826417627,0.24941281735823734,0.004163325457509316,9.971012140916219e-06
150,total_bal_il,2,"[98937.0, 781480.7]",2142,1642,500,0.06883475801786747,0.07022796287583935,0.06462453147214682,1.0,1.0,1.0,0.7665732959850607,0.2334267040149393,-0.08315248042859784,0.0004659392201285336
151,open_rv_24m,0,"[-0.001, 1.0]",10036,7841,2195,0.32251430040491036,0.3353577691287798,0.2837016931627246,0.32251430040491036,0.3353577691287798,0.2837016931627246,0.7812873654842567,0.21871263451574333,-0.16727461956006626,0.008640750455187767
152,open_rv_24m,1,"[1.0, 2.0]",5879,4465,1414,0.18892602352336269,0.1909670245070784,0.18275817500323122,0.511440323928273,0.5263247936358582,0.4664598681659558,0.7594829052559959,0.2405170947440041,-0.043936935692497424,0.0003606716927599228
153,open_rv_24m,2,"[2.0, 5.0]",10584,7826,2758,0.3401246866765216,0.3347162225738848,0.3564689156003619,0.8515650106047946,0.8610410162097429,0.8229287837663177,0.7394179894179894,0.2605820105820106,0.06296396674447335,0.0013696358403218444
154,open_rv_24m,3,"[5.0, 45.044999999999995]",4619,3249,1370,0.14843498939520536,0.13895898379025703,0.1770712162336823,1.0,1.0,1.0,0.7033990041134445,0.29660099588655553,0.24237319431465434,0.009237383519775585
155,total_pymnt_inv,0,"[-0.001, 2995.87]",3717,1080,2637,0.11944855067806415,0.046191351952440014,0.3408297789841024,0.11944855067806415,0.046191351952440014,0.3408297789841024,0.29055690072639223,0.7094430992736077,1.9985905773966055,0.5888615840044378
156,total_pymnt_inv,1,"[2995.87, 4996.67]",3730,1701,2029,0.11986631531589434,0.07275137932509303,0.26224634871397184,0.2393148659939585,0.11894273127753305,0.6030761276980743,0.45603217158176945,0.5439678284182305,1.2822364585915371,0.24297735847010773
157,total_pymnt_inv,2,"[4996.67, 10003.81]",7950,5643,2307,0.25547914390384985,0.24134981395149907,0.29817758821248547,0.4947940098978083,0.3602925452290321,0.9012537159105598,0.709811320754717,0.290188679245283,0.2114418513661977,0.01201576979876332
158,total_pymnt_inv,3,"[10003.81, 12309.1]",3249,2843,406,0.10440902371617714,0.12159445703776571,0.052475119555383226,0.5992030336139854,0.4818870022667978,0.953728835465943,0.8750384733764235,0.12496152662357649,-0.8403522408876831,0.05808459014199215
159,total_pymnt_inv,4,"[12309.1, 51003.93298]",12472,12114,358,0.40079696638601453,0.5181129977332022,0.04627116453405713,1.0,1.0,1.0000000000000002,0.9712957023733162,0.02870429762668377,-2.415674389978608,1.139816232579733
160,annual_inc,0,"[-0.001, 34800.0]",2598,1754,844,0.08348865608329584,0.07501817715238869,0.10908620912498385,0.08348865608329584,0.07501817715238869,0.10908620912498385,0.6751347190146266,0.3248652809853734,0.37440803282541274,0.012755344833092618
161,annual_inc,1,"[34800.0, 59858.0]",9032,6615,2417,0.2902500160678707,0.2829220307086951,0.3123949851363578,0.3737386721511665,0.35794020786108377,0.4214811942613416,0.7323959255978743,0.2676040744021258,0.09909701531601103,0.002920681816326184
162,annual_inc,2,"[59858.0, 76333.0]",6505,4935,1570,0.20904299762195513,0.21106881656045506,0.20292102882254104,0.5827816697731216,0.5690090244215389,0.6244022230838826,0.7586471944657955,0.24135280553420446,-0.039367342363644246,0.00032075674938476394
163,annual_inc,3,"[76333.0, 88880.0]",3197,2463,734,0.10273796516485635,0.10534194431375904,0.09486881220111154,0.685519634937978,0.674350968735298,0.7192710352849941,0.7704097591492024,0.22959024085079763,-0.10471665834443847,0.0010967113972362751
164,annual_inc,4,"[88880.0, 9532494.972]",9786,7614,2172,0.314480365062022,0.3256490312647021,0.2807289647150058,1.0,1.0,1.0,0.7780502759043532,0.22194972409564684,-0.14843054472703268,0.006667509947145985
165,num_actv_rev_tl,0,"[-0.001, 2.0]",4641,3764,877,0.14914197570537951,0.1609854155083187,0.11335142820214554,0.14914197570537951,0.1609854155083187,0.11335142820214554,0.8110321051497522,0.1889678948502478,-0.35082079717150316,0.016710993399208934
166,num_actv_rev_tl,1,"[2.0, 4.0]",9235,7157,2078,0.296773571566296,0.3061032462255678,0.2685795527982422,0.44591554727167554,0.4670886617338865,0.38193098100038775,0.7749864645370872,0.22501353546291283,-0.1307752949178409,0.004907172074365152
167,num_actv_rev_tl,2,"[4.0, 6.0]",7735,5797,1938,0.24856995950896588,0.24793635858175442,0.2504846839860411,0.6944855067806415,0.715025020315641,0.6324156649864289,0.7494505494505495,0.25054945054945055,0.010225682272562655,2.605836591133562e-05
168,num_actv_rev_tl,3,"[6.0, 8.0]",4602,3334,1268,0.14788868179188894,0.14259441426799538,0.16388781181336434,0.8423741885725304,0.8576194345836363,0.7963034767997932,0.7244676227727075,0.27553237722729246,0.1391777828480158,0.002963567859665834
169,num_actv_rev_tl,4,"[8.0, 10.0]",2402,1664,738,0.07719005077447137,0.07116889782301869,0.09538580845288872,0.9195642393470018,0.928788332406655,0.8916892852526819,0.6927560366361366,0.30724396336386345,0.29287391438090254,0.007092501410382522
170,num_actv_rev_tl,5,"[10.0, 41.041]",2503,1665,838,0.08043576065299826,0.07121166759334502,0.10831071474731808,1.0,1.0,1.0,0.6652017578905314,0.3347982421094686,0.41934740922912295,0.015557389308887672
171,total_acc,0,"[1.998, 9.0]",1977,1353,624,0.06353236069156115,0.05786749925152902,0.08065141527723924,0.06353236069156115,0.05786749925152902,0.08065141527723924,0.6843702579666161,0.3156297420333839,0.33198045136022347,0.007563814725968706
172,total_acc,1,"[9.0, 14.0]",4203,3027,1176,0.13506652098463912,0.12946409477781104,0.15199689802248934,0.19859888167620027,0.18733159402934008,0.23264831329972857,0.7201998572448252,0.2798001427551749,0.16045653059843748,0.0036155354332982944
173,total_acc,2,"[14.0, 25.0]",11994,8979,3015,0.38543608201041196,0.38402976776014713,0.3896859247770454,0.5840349636866122,0.5713613617894873,0.622334238076774,0.748624312156078,0.25137568784392195,0.014621023802061105,8.269880637226433e-05
174,total_acc,3,"[25.0, 41.0]",9974,7690,2284,0.320521884439874,0.32889953380950343,0.2952048597647667,0.9045568481264863,0.9002608955989907,0.9175390978415408,0.7710046119911771,0.22899538800882294,-0.10808278056220488,0.0036418140608923026
175,total_acc,4,"[41.0, 144.14399999999998]",2970,2332,638,0.09544315187351372,0.09973910440100936,0.08246090215845935,1.0,1.0,1.0,0.7851851851851852,0.21481481481481482,-0.19023355296400918,0.0032868938014310005
176,percent_bc_gt_75,0,"[-0.001, 5.6]",9214,7580,1634,0.2960987209974934,0.3241948590736068,0.21119296885097583,0.2960987209974934,0.3241948590736068,0.21119296885097583,0.8226611677881485,0.17733883221185154,-0.4285724920548852,0.04842950169962552
177,percent_bc_gt_75,1,"[5.6, 41.2]",8332,6318,2014,0.2677549971077833,0.2702194089217741,0.2603076127698074,0.5638537181052767,0.5944142679953809,0.47150058162078323,0.758281325012002,0.24171867498799807,-0.037370196921939006,0.0003704057740491125
178,percent_bc_gt_75,2,"[41.2, 63.6]",4674,3363,1311,0.1502024551706408,0.14383473760745905,0.16944552151996897,0.7140561732759175,0.7382490056028399,0.6409461031407522,0.7195121951219512,0.2804878048780488,0.16386648318501426,0.004196749091354341
179,percent_bc_gt_75,3,"[63.6, 72.7]",1939,1388,551,0.062311202519442124,0.05936444121295069,0.0712162336823058,0.7763673757953596,0.7976134468157906,0.712162336823058,0.7158329035585353,0.28416709644146465,0.1820253792477485,0.0021573270189999736
180,percent_bc_gt_75,4,"[72.7, 100.1]",6619,4476,2143,0.21270647213831223,0.19143749198066806,0.2769807418896213,0.9890738479336718,0.9890509387964587,0.9891430787126793,0.6762350808279196,0.3237649191720804,0.3693866372033451,0.03159853341931359
181,percent_bc_gt_75,-9999,[-9999],340,256,84,0.01092615206632817,0.010949061203541338,0.010856921287320668,1.0,1.0,0.9999999999999999,0.7529411764705882,0.24705882352941178,-0.008450934474664851,7.786683944819936e-07
182,num_rev_tl_bal_gt_0,0,"[-0.001, 2.0]",4674,3788,886,0.1502024551706408,0.1620118899961507,0.11451466976864418,0.1502024551706408,0.1620118899961507,0.11451466976864418,0.8104407359863073,0.18955926401369277,-0.34696679253930385,0.016479958156870887
183,num_rev_tl_bal_gt_0,1,"[2.0, 4.0]",9392,7263,2129,0.3018188829616299,0.3106368418801591,0.27517125500840117,0.4520213381322707,0.47264873187630985,0.38968592477704533,0.7733177172061328,0.22668228279386712,-0.12123086955110479,0.004299523935603461
184,num_rev_tl_bal_gt_0,2,"[4.0, 6.0]",7797,5831,1966,0.2505623754740022,0.24939053077284976,0.2541036577484813,0.7025837136062729,0.7220392626491596,0.6437895825255266,0.7478517378478902,0.2521482621521098,0.018722220646539698,8.824020317293239e-05
185,num_rev_tl_bal_gt_0,3,"[6.0, 8.0]",4612,3340,1272,0.14821003920560447,0.14285103288995338,0.16440480806514152,0.8507937528118774,0.864890295539113,0.8081943905906681,0.7241977450130095,0.27580225498699046,0.14052936909090524,0.0030289384268964046
186,num_rev_tl_bal_gt_0,4,"[8.0, 11.0]",3013,2069,944,0.09682498875249052,0.0884906548051837,0.12201111541941322,0.947618741564368,0.9533809503442967,0.9302055060100813,0.6866910056422171,0.3133089943577829,0.3212151995615417,0.010767281445594534
187,num_rev_tl_bal_gt_0,5,"[11.0, 36.035999999999994]",1630,1090,540,0.05238125843563211,0.04661904965570335,0.06979449398991858,1.0,1.0,0.9999999999999999,0.6687116564417178,0.3312883435582822,0.40354587549671467,0.00935235497387626
188,mo_sin_rcnt_rev_tl_op,0,"[-0.001, 1.0]",2610,1858,752,0.08387428497975448,0.07946623326632736,0.09719529533410882,0.08387428497975448,0.07946623326632736,0.09719529533410882,0.7118773946360153,0.28812260536398465,0.2013901157376399,0.0035704578617503104
189,mo_sin_rcnt_rev_tl_op,1,"[1.0, 8.0]",14371,10673,3698,0.4618227392505945,0.4564817586929558,0.47796303476799795,0.545697024230349,0.5359479919592832,0.5751583301021068,0.7426762229489945,0.2573237770510055,0.0459846561946892,0.0009878090949340152
190,mo_sin_rcnt_rev_tl_op,2,"[8.0, 16.0]",7154,5408,1746,0.22989909377209333,0.23129891792481075,0.22566886390073673,0.7755961180024424,0.7672469098840939,0.8008271940028435,0.7559407324573665,0.2440592675426335,-0.024642170161668538,0.0001387367492806186
191,mo_sin_rcnt_rev_tl_op,3,"[16.0, 294.294]",6983,5442,1541,0.22440388199755767,0.23275309011590609,0.19917280599715653,1.0,1.0,1.0,0.7793212086495775,0.22067879135042245,-0.15580537286149185,0.005231988687916607
192,num_bc_sats,0,"[-0.001, 3.0]",11955,9084,2871,0.3841827880969214,0.3885205936444121,0.37107405971306706,0.3841827880969214,0.3885205936444121,0.37107405971306706,0.7598494353826851,0.24015056461731493,-0.0459445119428011,0.000801572486569167
193,num_bc_sats,1,"[3.0, 8.0]",15643,11715,3928,0.5026994022752105,0.5010478593729951,0.5076903192451855,0.8868821903721319,0.8895684530174073,0.8787643789582525,0.7488972703445631,0.25110272965543695,0.013170029694044575,8.748139375824664e-05
194,num_bc_sats,2,"[8.0, 42.041999999999994]",3520,2582,938,0.11311780962786812,0.11043154698259271,0.12123562104174744,1.0,1.0,1.0,0.7335227272727273,0.26647727272727273,0.09334008876122074,0.0010084532316643052
195,inq_last_6mths,0,"[-0.001, 1.0]",26911,20474,6437,0.8648049360498746,0.8756682776613489,0.8319762181724183,0.8648049360498746,0.8756682776613489,0.8319762181724183,0.7608041321392739,0.2391958678607261,-0.05118348426551618,0.0022363118393796777
196,inq_last_6mths,1,"[1.0, 5.004999999999999]",4207,2907,1300,0.13519506395012532,0.12433172233865104,0.16802378182758174,1.0,1.0,1.0,0.6909912051343,0.30900879486570004,0.301152354052336,0.013157966568486182
197,revol_bal,0,"[-0.001, 3126.0]",3192,2516,676,0.10257728645799859,0.1076087421410547,0.08737236655034251,0.10257728645799859,0.1076087421410547,0.08737236655034251,0.7882205513784462,0.21177944862155387,-0.20832283061578302,0.004215699044461302
198,revol_bal,1,"[3126.0, 9336.0]",10104,7775,2329,0.324699530818176,0.3325349642872418,0.30102106759725994,0.42727681727617456,0.4401437064282965,0.38839343414760247,0.7694972288202692,0.2305027711797308,-0.09956475600150978,0.003137673434594828
199,revol_bal,2,"[9336.0, 15438.0]",7114,5247,1867,0.2286136641172312,0.22441298490227107,0.24130800051699625,0.6558904813934058,0.6645566913305676,0.6297014346645987,0.7375597413550745,0.2624402586449255,0.07258609101659486,0.0012263431411372327
200,revol_bal,3,"[15438.0, 575756.181]",10708,7843,2865,0.3441095186065943,0.33544330866943245,0.37029856533540134,1.0,1.0,1.0,0.7324430332461711,0.2675569667538289,0.09885664709775747,0.0034456738077294456
201,pct_tl_nvr_dlq,0,"[18.1818, 92.3]",8958,6557,2401,0.28787197120637575,0.28044138402976776,0.3103270001292491,0.28787197120637575,0.28044138402976776,0.3103270001292491,0.7319714221924537,0.26802857780754635,0.10126184711921786,0.003026272688529313
202,pct_tl_nvr_dlq,1,"[92.3, 96.1]",4627,3465,1162,0.14869207532617779,0.14819725418074506,0.15018741114126924,0.43656404653255354,0.42863863821051285,0.4605144112705183,0.7488653555219364,0.25113464447806355,0.013339736949437016,2.6548170341483683e-05
203,pct_tl_nvr_dlq,2,"[96.1, 100.1]",17533,13359,4174,0.5634359534674465,0.5713613617894872,0.5394855887294817,1.0,1.0,1.0,0.7619346375406376,0.23806536245936236,-0.05740579519108193,0.0018298540998400792
204,num_actv_bc_tl,0,"[-0.001, 1.0]",4606,3631,975,0.14801722475737517,0.15529703605491638,0.1260178363706863,0.14801722475737517,0.15529703605491638,0.1260178363706863,0.7883195831524099,0.2116804168475901,-0.2089161892549046,0.0061168988224627515
205,num_actv_bc_tl,1,"[1.0, 2.0]",6344,4914,1430,0.20386914326113503,0.21017065138360208,0.1848261600103399,0.3518863680185102,0.36546768743851843,0.3108439963810262,0.7745901639344263,0.22540983606557377,-0.12850411866558759,0.0032568715269486424
206,num_actv_bc_tl,2,"[2.0, 3.0]",6515,4950,1565,0.20936435503567066,0.21171036311535008,0.20227478350781958,0.5612507230541809,0.5771780505538685,0.5131187798888458,0.7597851112816577,0.2402148887183423,-0.04559204142689841,0.00043018733635332833
207,num_actv_bc_tl,3,"[3.0, 5.0]",8340,6146,2194,0.2680120830387557,0.26286300842564475,0.2835724440997803,0.8292628060929366,0.8400410589795133,0.7966912239886261,0.7369304556354916,0.2630695443645084,0.07583460930632968,0.0015704919633026337
208,num_actv_bc_tl,4,"[5.0, 27.026999999999997]",5313,3740,1573,0.17073719390706343,0.15995894102048672,0.20330877601137393,1.0,1.0,1.0,0.7039337474120083,0.29606625258799174,0.23980872381128426,0.010395668606594417
209,mths_since_last_record,0,"[-0.001, 27.0]",454,322,132,0.014589626582685263,0.013771866045079338,0.017060876308646764,0.014589626582685263,0.013771866045079338,0.017060876308646764,0.7092511013215859,0.2907488986784141,0.21416008820354662,0.0007043747281479699
210,mths_since_last_record,1,"[27.0, 119.11899999999999]",6323,4679,1644,0.2031942926923324,0.20011975535691373,0.21248545948041878,0.21778391927501767,0.21389162140199308,0.22954633578906553,0.7399968369444884,0.26000316305551163,0.059957595911492884,0.0007414178909981967
211,mths_since_last_record,-9999,[-9999],24341,18380,5961,0.7822160807249823,0.786108378598007,0.7704536642109344,1.0,1.0,1.0,0.7551045560987634,0.2448954439012366,-0.020115153528167617,0.00031489698333557887
212,mort_acc,0,"[-0.001, 1.0]",18143,12991,5152,0.5830387557040941,0.5556220863093965,0.6658911722890009,0.5830387557040941,0.5556220863093965,0.6658911722890009,0.7160337320178581,0.28396626798214186,0.1810378899500406,0.019962882652467186
213,mort_acc,1,"[1.0, 2.0]",4841,3786,1055,0.15556912397969022,0.16192635045549805,0.1363577614062298,0.7386078796837844,0.7175484367648945,0.8022489336952306,0.7820698202850651,0.21793017971493492,-0.17185957469751734,0.004394206839622842
214,mort_acc,2,"[2.0, 3.0]",3488,2771,717,0.1120894659039784,0.11851503357426971,0.09267157813105854,0.8506973455877628,0.8360634703391643,0.8949205118262892,0.7944380733944955,0.2055619266055046,-0.24597799310177415,0.006356921304736203
215,mort_acc,3,"[3.0, 22.022]",4646,3833,813,0.14930265441223728,0.16393652966083572,0.10507948817371074,1.0,1.0,0.9999999999999999,0.8250107619457598,0.17498923805424021,-0.44476224467116054,0.026177389886517327
216,loan_amnt,0,"[999.0, 3325.0]",1996,1661,335,0.06414293977762067,0.07104058851203969,0.04329843608633838,0.06414293977762067,0.07104058851203969,0.04329843608633838,0.8321643286573146,0.16783567134268537,-0.49513486662664435,0.013736106941235659
217,loan_amnt,1,"[3325.0, 7025.0]",5646,4550,1096,0.18143839578379073,0.19460245498481674,0.14165697298694585,0.2455813355614114,0.2656430434968564,0.18495540907328423,0.8058802692171448,0.19411973078285513,-0.31755033327545124,0.016812855453853304
218,loan_amnt,2,"[7025.0, 9300.0]",2838,2236,602,0.09120123401246867,0.09563320644968136,0.07780793589246478,0.3367825695738801,0.3612762499465378,0.262763344965749,0.7878787878787878,0.21212121212121213,-0.20627667780458475,0.003676937591510516
219,loan_amnt,3,"[9300.0, 16000.0]",10272,7586,2686,0.33009833536859695,0.32445147769556476,0.34716298306837273,0.6668809049424771,0.6857277276421025,0.6099263280341217,0.73851246105919,0.26148753894080995,0.06765836599592265,0.0015366233428318055
220,loan_amnt,4,"[16000.0, 21250.0]",3825,2739,1086,0.12291921074619191,0.11714640092382704,0.1403644823575029,0.789800115688669,0.8028741285659295,0.7502908103916246,0.716078431372549,0.283921568627451,0.18081804239238658,0.004198248032944285
221,loan_amnt,5,"[21250.0, 40039.99999999999]",6541,4609,1932,0.21019988431133108,0.1971258714340704,0.24970918960837535,1.0,1.0,1.0,0.7046323192172451,0.29536768078275494,0.23645453321353913,0.012433563953724285
222,total_rec_prncp,0,"[-0.001, 1000.0]",2121,156,1965,0.06815990744906485,0.006672084170908002,0.25397440868553706,0.06815990744906485,0.006672084170908002,0.25397440868553706,0.07355021216407355,0.9264497878359265,3.6393012282154085,0.900007653346615
223,total_rec_prncp,1,"[1000.0, 2000.0]",2661,545,2116,0.08551320778970371,0.023309524827851674,0.27349101719012536,0.15367311523876856,0.029981608998759676,0.5274654258756624,0.20481022172115745,0.7951897782788425,2.46240670947653,0.6160485853797141
224,total_rec_prncp,2,"[2000.0, 2993.46]",1860,430,1430,0.0597724789510894,0.018391001240323338,0.1848261600103399,0.21344559418985795,0.048372610239083014,0.7122915858860023,0.23118279569892472,0.7688172043010753,2.307554225727929,0.38405815392945053
225,total_rec_prncp,3,"[2993.46, 4998.57]",3258,1931,1327,0.10469824538852111,0.08258842650014969,0.17151350652707767,0.31814383957837905,0.1309610367392327,0.8838050924130799,0.592694904849601,0.40730509515039903,0.7307924630652771,0.06498577826115558
226,total_rec_prncp,4,"[4998.57, 11967.62]",9145,8296,849,0.2938813548428562,0.3548180146272614,0.10973245443970531,0.6120251944212353,0.48577905136649413,0.9935375468527852,0.9071623838162931,0.09283761618370695,-1.173559852436432,0.2876225738480086
227,total_rec_prncp,5,"[11967.62, 40039.99999999999]",12073,12023,50,0.3879748055787647,0.5142209486335059,0.006462453147214683,1.0,1.0,0.9999999999999999,0.9958585272923052,0.004141472707694856,-4.376644044385179,2.222278195256055
228,inq_last_12m,0,"[-0.001, 3.0]",23795,18096,5699,0.7646699659361141,0.7739617638253282,0.7365904097195295,0.7646699659361141,0.7739617638253282,0.7365904097195295,0.7604959025005253,0.23950409749947468,-0.04949048735931814,0.0018495265279736338
229,inq_last_12m,1,"[3.0, 4.0]",2593,1903,690,0.08332797737643807,0.08139087293101235,0.08918185343156262,0.8479979433125522,0.8553526367563405,0.8257722631510921,0.733898958735056,0.2661010412649441,0.0914144414567397,0.0007122081308581533
230,inq_last_12m,2,"[4.0, 32.032]",4730,3382,1348,0.1520020566874478,0.14464736324365937,0.17422773684890785,1.0,0.9999999999999999,1.0,0.7150105708245243,0.2849894291754757,0.1860644731753109,0.005503856631189431
231,installment,0,"[30.08988, 182.84]",5018,4130,888,0.16125715020245518,0.17663915144775671,0.11477316789453276,0.16125715020245518,0.17663915144775671,0.11477316789453276,0.8230370665603827,0.1769629334396174,-0.43115123180132436,0.026673595015572982
232,installment,1,"[182.84, 283.56]",5324,4250,1074,0.17109068706215053,0.18177152388691672,0.13881349360217138,0.3323478372646057,0.3584106753346734,0.25358666149670417,0.7982719759579263,0.20172802404207363,-0.26961927568806865,0.011582313010359158
233,installment,2,"[283.56, 314.55]",1748,1370,378,0.05617327591747542,0.058594585347076684,0.048856145792943,0.3885211131820811,0.4170052606817501,0.3024428072896472,0.7837528604118993,0.21624713958810068,-0.18176211204099899,0.001770079341342943
234,installment,3,"[314.55, 403.72]",4848,3543,1305,0.15579407416929109,0.15153329626619905,0.16867002714230322,0.5443151873513722,0.5685385569479491,0.4711128344319504,0.7308168316831684,0.2691831683168317,0.10713892605290579,0.0018360109421234729
235,installment,4,"[403.72, 1586.4849]",14180,10088,4092,0.4556848126486278,0.4314614430520508,0.5288871655680496,1.0,0.9999999999999999,1.0,0.7114245416078985,0.2885754583921015,0.2035969605883455,0.01983558098738089
236,mths_since_last_major_derog,0,"[-0.001, 22.0]",1565,1103,462,0.05029243524648114,0.04717505666994568,0.059713067080263665,0.05029243524648114,0.04717505666994568,0.059713067080263665,0.7047923322683706,0.2952076677316294,0.23568558298982037,0.002955028293088231
237,mths_since_last_major_derog,1,"[22.0, 39.0]",2116,1514,602,0.06799922874220708,0.06475343227406868,0.07780793589246478,0.11829166398868822,0.11192848894401436,0.13752100297272846,0.7155009451795841,0.2844990548204159,0.18365672247301099,0.002397547348066689
238,mths_since_last_major_derog,2,"[39.0, 70.0]",3866,2882,984,0.1242367761424256,0.1232624780804927,0.12718107793718494,0.24252844013111383,0.23519096702450706,0.26470208090991343,0.7454733574754268,0.2545266425245732,0.03129583165436988,0.00012263584143587828
239,mths_since_last_major_derog,3,"[70.0, 139.13899999999998]",1252,970,282,0.040233948197184906,0.041486677216543345,0.03644823575029081,0.28276238832829875,0.2766776442410504,0.30115031666020425,0.7747603833865815,0.22523961661341854,-0.12947928939773087,0.0006523738207224394
240,mths_since_last_major_derog,-9999,[-9999],22319,16912,5407,0.7172376116717013,0.7233223557589495,0.6988496833397958,1.0,1.0,1.0,0.7577400421165823,0.24225995788341773,-0.03441930756642994,0.0008423324389673397
241,total_il_high_credit_limit,0,"[-0.001, 13200.0]",6440,4798,1642,0.20695417443280417,0.2052093580257474,0.21222696135453017,0.20695417443280417,0.2052093580257474,0.21222696135453017,0.7450310559006211,0.25496894409937887,0.033625557774317534,0.00023597082616922782
242,total_il_high_credit_limit,1,"[13200.0, 98792.0]",21674,16261,5413,0.6965100584870493,0.6954792352765066,0.6996251777174616,0.9034642329198534,0.9006885933022539,0.9118521390719918,0.7502537602657562,0.24974623973424379,0.005943576132839402,2.4641724540186118e-05
243,total_il_high_credit_limit,2,"[98792.0, 1121826.7059999998]",3004,2322,682,0.09653576708014654,0.09931140669774603,0.08814786092800828,1.0,1.0,1.0,0.7729693741677763,0.2270306258322237,-0.11924479325279068,0.0013311947072804447
244,bc_open_to_buy,0,"[-0.001, 2249.0]",7896,5464,2432,0.25374381386978595,0.2336940250630854,0.31433372108052215,0.25374381386978595,0.2336940250630854,0.31433372108052215,0.6919959473150963,0.3080040526849038,0.2964425529970156,0.023905037360312225
245,bc_open_to_buy,1,"[2249.0, 5162.0]",5707,4061,1646,0.1833986760074555,0.1736880372952397,0.21274395760630735,0.43714248987724147,0.4073820623583251,0.5270776786868295,0.7115822673909235,0.28841773260907655,0.20282856471230135,0.007921656260211867
246,bc_open_to_buy,2,"[5162.0, 11542.0]",6886,5202,1684,0.221286715084517,0.22248834523758607,0.21765542199819052,0.6584292049617585,0.6298704075959112,0.7447331006850201,0.7554458321231484,0.24455416787685158,-0.021961540044740744,0.00010613843725514349
247,bc_open_to_buy,3,"[11542.0, 24000.0]",5741,4562,1179,0.1844912912140883,0.19511569222873273,0.15238464521132222,0.8429204961758467,0.8249860998246439,0.8971177458963423,0.7946350809963421,0.2053649190036579,-0.24718479114537845,0.010562464932421963
248,bc_open_to_buy,4,"[24000.0, 283988.70499999996]",4548,3836,712,0.14615335175782504,0.16406483897181473,0.09202533281633708,0.9890738479336718,0.9890509387964586,0.9891430787126794,0.8434476693051891,0.1565523306948109,-0.5781978134297693,0.04165308493965758
249,bc_open_to_buy,-9999,[-9999],340,256,84,0.01092615206632817,0.010949061203541338,0.010856921287320668,1.0,0.9999999999999999,1.0,0.7529411764705882,0.24705882352941178,-0.008450934474664851,7.786683944819936e-07
250,total_cu_tl,0,"[-0.001, 5.0]",28434,21289,7145,0.9137476701587506,0.9105256404773107,0.9234845547369781,0.9137476701587506,0.9105256404773107,0.9234845547369781,0.748716325525779,0.251283674474221,0.014132015149813293,0.0001831355726427518
251,total_cu_tl,1,"[5.0, 56.056]",2684,2092,592,0.08625232984124943,0.08947435952268937,0.07651544526302184,1.0,1.0,1.0,0.7794336810730254,0.22056631892697467,-0.15645947913922395,0.002027544975277443
252,total_pymnt,0,"[-0.001, 3001.38]",3725,1083,2642,0.11970563660903658,0.046319661263419014,0.34147602429882384,0.11970563660903658,0.046319661263419014,0.34147602429882384,0.29073825503355705,0.709261744966443,1.997710949242864,0.5896370981745299
253,total_pymnt,1,"[3001.38, 4996.67]",3720,1696,2024,0.1195449579021788,0.07253753047346136,0.2616001033992503,0.2392505945112154,0.11885719173688036,0.6030761276980742,0.4559139784946237,0.5440860215053763,1.2827129252170917,0.24251300596670852
254,total_pymnt,2,"[4996.67, 7368.74]",4538,3083,1455,0.1458319943441095,0.13185920191608572,0.18805738658394727,0.38508258885532487,0.25071639365296605,0.7911335142820215,0.6793741736447775,0.3206258263552226,0.35501246288102656,0.019951055948380276
255,total_pymnt,3,"[7368.74, 10393.93]",4113,3164,949,0.1321743042611993,0.13532355331251872,0.12265736073413468,0.5172568931165242,0.38603994696548477,0.9137908750161562,0.7692681740821785,0.23073182591782154,-0.09827381911603277,0.00124475511833695
256,total_pymnt,4,"[10393.93, 12309.1]",2548,2239,309,0.08188186901471817,0.09576151576066036,0.03993796044978674,0.5991387621312424,0.4818014627261451,0.9537288354659429,0.8787284144427001,0.12127158555729985,-0.8745336285394254,0.04881957638398962
257,total_pymnt,5,"[12309.1, 51003.930470918516]",12474,12116,358,0.40086123786875766,0.5181985372738548,0.04627116453405713,1.0,0.9999999999999999,1.0,0.9713003046336379,0.028699695366362032,-2.4158394745848435,1.1401007762019184
258,num_bc_tl,0,"[-0.001, 3.0]",5057,3681,1376,0.16251044411594576,0.15743552457123305,0.17784671061134807,0.16251044411594576,0.15743552457123305,0.17784671061134807,0.7279019181332806,0.2720980818667194,0.12190599627585186,0.0024882459693919812
259,num_bc_tl,1,"[3.0, 7.0]",12582,9389,3193,0.4043318979368854,0.4015653735939438,0.41269225798112963,0.5668423420528311,0.5590008981651768,0.5905389685924777,0.7462247655380703,0.25377523446192973,0.027331833617818557,0.0003041181527552664
260,num_bc_tl,2,"[7.0, 12.0]",9060,6853,2207,0.29114981682627417,0.29310123604636246,0.2852526819180561,0.8579921588791053,0.8521021342115394,0.8757916505105338,0.756401766004415,0.243598233995585,-0.027142674167503388,0.00021303074739063347
261,num_bc_tl,3,"[12.0, 15.0]",2307,1784,523,0.0741371553441738,0.07630127026217869,0.06759725991986558,0.932129314223279,0.928403404473718,0.9433889104303993,0.7732986562635458,0.22670134373645426,-0.12112213791344781,0.001054248341081724
262,num_bc_tl,4,"[15.0, 64.064]",2112,1674,438,0.06787068577672087,0.07159659552628202,0.05661108956960062,0.9999999999999999,1.0,0.9999999999999999,0.7926136363636364,0.20738636363636365,-0.23484262951139045,0.0035192356234256643
263,total_bc_limit,0,"[-0.001, 15900.0]",14556,10548,4008,0.4677678514043319,0.45113553740216417,0.518030244280729,0.4677678514043319,0.45113553740216417,0.518030244280729,0.7246496290189612,0.27535037098103876,0.13826580645310732,0.009249250594008988
264,total_bc_limit,1,"[15900.0, 27550.0]",7395,5539,1856,0.2376438074426377,0.2369017578375604,0.239886260824609,0.7054116588469697,0.6880372952397246,0.757916505105338,0.7490196078431373,0.25098039215686274,0.012519366474625912,3.736408663947725e-05
265,total_bc_limit,2,"[27550.0, 45700.0]",5236,4063,1173,0.16826274182145382,0.1737735768358924,0.15160915083365645,0.8736744006684235,0.861810872075617,0.9095256559389945,0.775974025974026,0.22402597402597402,-0.13644733617266744,0.0030242768858012997
266,total_bc_limit,3,"[45700.0, 354353.99999999994]",3931,3231,700,0.12632559933157658,0.13818912792438304,0.09047434406100556,1.0,1.0,1.0,0.8219282625286187,0.17807173747138133,-0.42355691961950953,0.020209926873482845
